,structure_name,SurfArea,GrayVol,AvgThick,sub_id
0,lh_G&S_frontomargin,845,2159,2.425,sub-0001
1,lh_G&S_occipital_inf,1173,3141,2.448,sub-0001
2,lh_G&S_paracentral,858,2874,2.611,sub-0001
3,lh_G&S_subcentral,1023,3126,2.719,sub-0001
4,lh_G&S_transv_frontopol,549,1599,2.294,sub-0001
5,lh_G&S_cingul-Ant,1642,4958,2.879,sub-0001
6,lh_G&S_cingul-Mid-Ant,893,2483,2.79,sub-0001
7,lh_G&S_cingul-Mid-Post,752,1950,2.683,sub-0001
8,lh_G_cingul-Post-dorsal,367,1559,3.116,sub-0001
9,lh_G_cingul-Post-ventral,184,550,2.573,sub-0001
10,lh_G_cuneus,1263,2286,1.623,sub-0001
11,lh_G_front_inf-Opercular,1098,4199,2.954,sub-0001
12,lh_G_front_inf-Orbital,397,1628,3.257,sub-0001
13,lh_G_front_inf-Triangul,759,2848,2.936,sub-0001
14,lh_G_front_middle,2346,9387,2.944,sub-0001
15,lh_G_front_sup,4880,19029,3.08,sub-0001
16,lh_G_Ins_lg&S_cent_ins,441,1735,3.686,sub-0001
17,lh_G_insular_short,463,2571,3.903,sub-0001
18,lh_G_occipital_middle,1254,3991,2.463,sub-0001
19,lh_G_occipital_sup,838,1697,1.799,sub-0001
20,lh_G_oc-temp_lat-fusifor,1262,4334,2.749,sub-0001
21,lh_G_oc-temp_med-Lingual,2182,4702,1.936,sub-0001
22,lh_G_oc-temp_med-Parahip,837,3549,3.15,sub-0001
23,lh_G_orbital,1665,6518,2.91,sub-0001
24,lh_G_pariet_inf-Angular,1599,5572,2.695,sub-0001
25,lh_G_pariet_inf-Supramar,1707,6263,2.864,sub-0001
26,lh_G_parietal_sup,1897,5664,2.436,sub-0001
27,lh_G_postcentral,1346,3844,2.302,sub-0001
28,lh_G_precentral,1223,5056,3.167,sub-0001
29,lh_G_precuneus,1775,6477,2.851,sub-0001
30,lh_G_rectus,662,2402,2.554,sub-0001
31,lh_G_subcallosal,545,1467,2.54,sub-0001
32,lh_G_temp_sup-G_T_transv,405,1275,2.869,sub-0001
33,lh_G_temp_sup-Lateral,1289,6212,3.342,sub-0001
34,lh_G_temp_sup-Plan_polar,552,2310,3.53,sub-0001
35,lh_G_temp_sup-Plan_tempo,577,1837,2.874,sub-0001
36,lh_G_temporal_inf,1787,7363,3.039,sub-0001
37,lh_G_temporal_middle,1735,7830,3.198,sub-0001
38,lh_Lat_Fis-ant-Horizont,201,492,2.5,sub-0001
39,lh_Lat_Fis-ant-Vertical,208,657,3.09,sub-0001
40,lh_Lat_Fis-post,689,1421,2.58,sub-0001
41,lh_Pole_occipital,1397,2467,1.623,sub-0001
42,lh_Pole_temporal,1122,5968,3.641,sub-0001
43,lh_S_calcarine,1525,2339,1.772,sub-0001
44,lh_S_central,1921,3371,1.969,sub-0001
45,lh_S_cingul-Marginalis,713,1512,2.34,sub-0001
46,lh_S_circular_insula_ant,426,1061,3.151,sub-0001
47,lh_S_circular_insula_inf,933,2132,2.836,sub-0001
48,lh_S_circular_insula_sup,1182,2745,2.877,sub-0001
49,lh_S_collat_transv_ant,631,1651,2.673,sub-0001
50,lh_S_collat_transv_post,417,601,1.817,sub-0001
51,lh_S_front_inf,1477,3305,2.419,sub-0001
52,lh_S_front_middle,1013,1930,2.138,sub-0001
53,lh_S_front_sup,1894,5029,2.667,sub-0001
54,lh_S_interm_prim-Jensen,198,418,2.126,sub-0001
55,lh_S_intrapariet&P_trans,2072,4345,2.188,sub-0001
56,lh_S_oc_middle&Lunatus,731,1131,1.819,sub-0001
57,lh_S_oc_sup&transversal,898,1732,2.197,sub-0001
58,lh_S_occipital_ant,469,922,2.201,sub-0001
59,lh_S_oc-temp_lat,645,1466,2.622,sub-0001
60,lh_S_oc-temp_med&Lingual,1396,3429,2.607,sub-0001
61,lh_S_orbital_lateral,255,488,2.05,sub-0001
62,lh_S_orbital_med-olfact,490,976,2.528,sub-0001
63,lh_S_orbital-H_Shaped,1016,2669,2.642,sub-0001
64,lh_S_parieto_occipital,1246,2531,2.28,sub-0001
65,lh_S_pericallosal,607,1105,2.362,sub-0001
66,lh_S_postcentral,1879,3947,2.273,sub-0001
67,lh_S_precentral-inf-part,767,1840,2.575,sub-0001
68,lh_S_precentral-sup-part,703,1507,2.451,sub-0001
69,lh_S_suborbital,415,802,2.413,sub-0001
70,lh_S_subparietal,854,1872,2.601,sub-0001
71,lh_S_temporal_inf,1145,2492,2.601,sub-0001
72,lh_S_temporal_sup,4324,10769,2.66,sub-0001
73,lh_S_temporal_transverse,194,528,3.109,sub-0001
0,rh_G&S_frontomargin,759,2315,2.649,sub-0001
1,rh_G&S_occipital_inf,827,2259,2.398,sub-0001
2,rh_G&S_paracentral,734,2150,2.372,sub-0001
3,rh_G&S_subcentral,912,2977,2.863,sub-0001
4,rh_G&S_transv_frontopol,907,2924,2.498,sub-0001
5,rh_G&S_cingul-Ant,2228,7084,3.064,sub-0001
6,rh_G&S_cingul-Mid-Ant,985,2853,2.881,sub-0001
7,rh_G&S_cingul-Mid-Post,1057,3094,2.758,sub-0001
8,rh_G_cingul-Post-dorsal,435,1869,3.17,sub-0001
9,rh_G_cingul-Post-ventral,169,637,3.001,sub-0001
10,rh_G_cuneus,1264,2589,1.8,sub-0001
11,rh_G_front_inf-Opercular,738,2945,3.009,sub-0001
12,rh_G_front_inf-Orbital,225,1127,3.19,sub-0001
13,rh_G_front_inf-Triangul,557,2252,3.075,sub-0001
14,rh_G_front_middle,2181,8753,2.852,sub-0001
15,rh_G_front_sup,4423,17777,3.135,sub-0001
16,rh_G_Ins_lg&S_cent_ins,404,1646,3.631,sub-0001
17,rh_G_insular_short,521,2534,3.408,sub-0001
18,rh_G_occipital_middle,1484,4828,2.57,sub-0001
19,rh_G_occipital_sup,883,2002,1.946,sub-0001
20,rh_G_oc-temp_lat-fusifor,1456,5007,2.706,sub-0001
21,rh_G_oc-temp_med-Lingual,2036,4789,2.108,sub-0001
22,rh_G_oc-temp_med-Parahip,996,3790,2.882,sub-0001
23,rh_G_orbital,1961,7475,2.905,sub-0001
24,rh_G_pariet_inf-Angular,2051,7212,2.725,sub-0001
25,rh_G_pariet_inf-Supramar,1315,4625,2.794,sub-0001
26,rh_G_parietal_sup,1444,4547,2.436,sub-0001
27,rh_G_postcentral,1065,2710,2.053,sub-0001
28,rh_G_precentral,1393,5873,3.019,sub-0001
29,rh_G_precuneus,1597,5640,2.738,sub-0001
30,rh_G_rectus,606,2265,2.673,sub-0001
31,rh_G_subcallosal,409,965,2.291,sub-0001
32,rh_G_temp_sup-G_T_transv,206,580,2.553,sub-0001
33,rh_G_temp_sup-Lateral,1164,4875,3.105,sub-0001
34,rh_G_temp_sup-Plan_polar,516,1892,3.295,sub-0001
35,rh_G_temp_sup-Plan_tempo,526,1585,2.791,sub-0001
36,rh_G_temporal_inf,1707,7088,3.097,sub-0001
37,rh_G_temporal_middle,1995,8750,3.22,sub-0001
38,rh_Lat_Fis-ant-Horizont,287,577,2.297,sub-0001
39,rh_Lat_Fis-ant-Vertical,188,443,2.603,sub-0001
40,rh_Lat_Fis-post,860,1949,2.672,sub-0001
41,rh_Pole_occipital,2222,3781,1.644,sub-0001
42,rh_Pole_temporal,1197,6254,3.542,sub-0001
43,rh_S_calcarine,1331,2030,1.779,sub-0001
44,rh_S_central,1710,2798,1.874,sub-0001
45,rh_S_cingul-Marginalis,958,2042,2.278,sub-0001
46,rh_S_circular_insula_ant,365,984,3.252,sub-0001
47,rh_S_circular_insula_inf,676,1568,2.706,sub-0001
48,rh_S_circular_insula_sup,985,2358,2.852,sub-0001
49,rh_S_collat_transv_ant,652,1820,3.017,sub-0001
50,rh_S_collat_transv_post,269,413,1.908,sub-0001
51,rh_S_front_inf,1281,3252,2.492,sub-0001
52,rh_S_front_middle,1599,3196,2.217,sub-0001
53,rh_S_front_sup,1331,3359,2.556,sub-0001
54,rh_S_interm_prim-Jensen,165,421,2.504,sub-0001
55,rh_S_intrapariet&P_trans,2243,4285,2.115,sub-0001
56,rh_S_oc_middle&Lunatus,616,1059,2.094,sub-0001
57,rh_S_oc_sup&transversal,1069,1999,2.145,sub-0001
58,rh_S_occipital_ant,562,1048,2.29,sub-0001
59,rh_S_oc-temp_lat,1027,2138,2.438,sub-0001
60,rh_S_oc-temp_med&Lingual,1275,2854,2.584,sub-0001
61,rh_S_orbital_lateral,350,727,2.425,sub-0001
62,rh_S_orbital_med-olfact,521,1072,2.631,sub-0001
63,rh_S_orbital-H_Shaped,1035,2589,2.583,sub-0001
64,rh_S_parieto_occipital,1266,2594,2.303,sub-0001
65,rh_S_pericallosal,949,1738,2.307,sub-0001
66,rh_S_postcentral,1637,3290,2.049,sub-0001
67,rh_S_precentral-inf-part,928,2100,2.495,sub-0001
68,rh_S_precentral-sup-part,785,1695,2.509,sub-0001
69,rh_S_suborbital,159,328,2.198,sub-0001
70,rh_S_subparietal,952,2216,2.604,sub-0001
71,rh_S_temporal_inf,1018,2171,2.627,sub-0001
72,rh_S_temporal_sup,4632,11704,2.692,sub-0001
73,rh_S_temporal_transverse,123,329,2.419,sub-0001
0,lh_G&S_frontomargin,1087,2899,2.406,sub-0002
1,lh_G&S_occipital_inf,829,2645,2.614,sub-0002
2,lh_G&S_paracentral,800,2493,2.476,sub-0002
3,lh_G&S_subcentral,1034,2902,2.528,sub-0002
4,lh_G&S_transv_frontopol,503,1902,3.012,sub-0002
5,lh_G&S_cingul-Ant,1467,4679,2.868,sub-0002
6,lh_G&S_cingul-Mid-Ant,841,2378,2.693,sub-0002
7,lh_G&S_cingul-Mid-Post,809,2411,2.945,sub-0002
8,lh_G_cingul-Post-dorsal,370,1579,3.207,sub-0002
9,lh_G_cingul-Post-ventral,207,708,2.798,sub-0002
10,lh_G_cuneus,1461,2846,1.878,sub-0002
11,lh_G_front_inf-Opercular,890,3500,2.952,sub-0002
12,lh_G_front_inf-Orbital,354,1340,2.785,sub-0002
13,lh_G_front_inf-Triangul,679,2611,2.909,sub-0002
14,lh_G_front_middle,2789,10182,2.802,sub-0002
15,lh_G_front_sup,4611,18031,3.054,sub-0002
16,lh_G_Ins_lg&S_cent_ins,460,1696,3.483,sub-0002
17,lh_G_insular_short,571,2647,3.697,sub-0002
18,lh_G_occipital_middle,1277,3908,2.462,sub-0002
19,lh_G_occipital_sup,1018,2139,1.938,sub-0002
20,lh_G_oc-temp_lat-fusifor,1150,4383,3.101,sub-0002
21,lh_G_oc-temp_med-Lingual,1926,4303,1.97,sub-0002
22,lh_G_oc-temp_med-Parahip,665,2953,3.409,sub-0002
23,lh_G_orbital,1728,6354,2.785,sub-0002
24,lh_G_pariet_inf-Angular,1528,5236,2.633,sub-0002
25,lh_G_pariet_inf-Supramar,2067,7577,2.961,sub-0002
26,lh_G_parietal_sup,1772,5447,2.427,sub-0002
27,lh_G_postcentral,1446,4063,2.325,sub-0002
28,lh_G_precentral,1626,6187,2.943,sub-0002
29,lh_G_precuneus,1409,4717,2.595,sub-0002
30,lh_G_rectus,715,2199,2.324,sub-0002
31,lh_G_subcallosal,510,1055,2.308,sub-0002
32,lh_G_temp_sup-G_T_transv,316,1097,2.743,sub-0002
33,lh_G_temp_sup-Lateral,1338,5865,3.156,sub-0002
34,lh_G_temp_sup-Plan_polar,518,2221,3.609,sub-0002
35,lh_G_temp_sup-Plan_tempo,676,2188,2.837,sub-0002
36,lh_G_temporal_inf,1695,6689,3.036,sub-0002
37,lh_G_temporal_middle,2443,9745,3.061,sub-0002
38,lh_Lat_Fis-ant-Horizont,224,649,2.679,sub-0002
39,lh_Lat_Fis-ant-Vertical,373,935,2.609,sub-0002
40,lh_Lat_Fis-post,712,1367,2.518,sub-0002
41,lh_Pole_occipital,1368,2240,1.579,sub-0002
42,lh_Pole_temporal,1076,5359,3.386,sub-0002
43,lh_S_calcarine,1798,2634,1.722,sub-0002
44,lh_S_central,2224,3649,1.899,sub-0002
45,lh_S_cingul-Marginalis,656,1400,2.254,sub-0002
46,lh_S_circular_insula_ant,450,1031,2.816,sub-0002
47,lh_S_circular_insula_inf,957,2252,2.927,sub-0002
48,lh_S_circular_insula_sup,1271,2911,2.874,sub-0002
49,lh_S_collat_transv_ant,590,1861,3.086,sub-0002
50,lh_S_collat_transv_post,305,590,2.156,sub-0002
51,lh_S_front_inf,1505,3320,2.3,sub-0002
52,lh_S_front_middle,1196,3742,2.577,sub-0002
53,lh_S_front_sup,1981,4766,2.549,sub-0002
54,lh_S_interm_prim-Jensen,321,661,2.408,sub-0002
55,lh_S_intrapariet&P_trans,2228,4685,2.302,sub-0002
56,lh_S_oc_middle&Lunatus,576,1118,2.508,sub-0002
57,lh_S_oc_sup&transversal,937,1859,2.255,sub-0002
58,lh_S_occipital_ant,508,1020,2.57,sub-0002
59,lh_S_oc-temp_lat,605,1530,2.667,sub-0002
60,lh_S_oc-temp_med&Lingual,1387,3127,2.572,sub-0002
61,lh_S_orbital_lateral,263,532,2.164,sub-0002
62,lh_S_orbital_med-olfact,548,1087,2.317,sub-0002
63,lh_S_orbital-H_Shaped,908,2718,2.918,sub-0002
64,lh_S_parieto_occipital,1496,3218,2.271,sub-0002
65,lh_S_pericallosal,864,1360,2.104,sub-0002
66,lh_S_postcentral,1873,4065,2.33,sub-0002
67,lh_S_precentral-inf-part,921,2178,2.643,sub-0002
68,lh_S_precentral-sup-part,852,2048,2.643,sub-0002
69,lh_S_suborbital,490,968,2.37,sub-0002
70,lh_S_subparietal,607,1353,2.493,sub-0002
71,lh_S_temporal_inf,1147,3047,2.999,sub-0002
72,lh_S_temporal_sup,3745,9020,2.605,sub-0002
73,lh_S_temporal_transverse,315,702,2.726,sub-0002
0,rh_G&S_frontomargin,655,1907,2.607,sub-0002
1,rh_G&S_occipital_inf,855,2614,2.523,sub-0002
2,rh_G&S_paracentral,795,2412,2.412,sub-0002
3,rh_G&S_subcentral,867,2730,2.792,sub-0002
4,rh_G&S_transv_frontopol,876,2832,2.627,sub-0002
5,rh_G&S_cingul-Ant,2076,6568,2.864,sub-0002
6,rh_G&S_cingul-Mid-Ant,779,2495,3.141,sub-0002
7,rh_G&S_cingul-Mid-Post,890,2450,2.721,sub-0002
8,rh_G_cingul-Post-dorsal,315,1309,3.14,sub-0002
9,rh_G_cingul-Post-ventral,166,546,2.634,sub-0002
10,rh_G_cuneus,1474,3087,1.88,sub-0002
11,rh_G_front_inf-Opercular,786,3164,3.009,sub-0002
12,rh_G_front_inf-Orbital,325,1265,2.836,sub-0002
13,rh_G_front_inf-Triangul,848,3074,2.77,sub-0002
14,rh_G_front_middle,2568,9931,2.86,sub-0002
15,rh_G_front_sup,4190,16961,3.143,sub-0002
16,rh_G_Ins_lg&S_cent_ins,432,1568,3.294,sub-0002
17,rh_G_insular_short,437,2293,3.713,sub-0002
18,rh_G_occipital_middle,1304,4013,2.457,sub-0002
19,rh_G_occipital_sup,1030,2599,2.135,sub-0002
20,rh_G_oc-temp_lat-fusifor,1492,5616,2.939,sub-0002
21,rh_G_oc-temp_med-Lingual,1810,3709,1.878,sub-0002
22,rh_G_oc-temp_med-Parahip,713,3203,3.252,sub-0002
23,rh_G_orbital,1977,7320,2.858,sub-0002
24,rh_G_pariet_inf-Angular,1855,7145,2.77,sub-0002
25,rh_G_pariet_inf-Supramar,1461,5170,2.786,sub-0002
26,rh_G_parietal_sup,1680,5410,2.474,sub-0002
27,rh_G_postcentral,1212,3314,2.12,sub-0002
28,rh_G_precentral,1558,6564,3.102,sub-0002
29,rh_G_precuneus,1655,5315,2.653,sub-0002
30,rh_G_rectus,534,1911,2.534,sub-0002
31,rh_G_subcallosal,310,760,2.387,sub-0002
32,rh_G_temp_sup-G_T_transv,241,792,2.637,sub-0002
33,rh_G_temp_sup-Lateral,1255,5688,3.259,sub-0002
34,rh_G_temp_sup-Plan_polar,590,2193,3.255,sub-0002
35,rh_G_temp_sup-Plan_tempo,604,1770,2.754,sub-0002
36,rh_G_temporal_inf,1552,6209,2.936,sub-0002
37,rh_G_temporal_middle,2076,9199,3.221,sub-0002
38,rh_Lat_Fis-ant-Horizont,219,419,2.14,sub-0002
39,rh_Lat_Fis-ant-Vertical,258,543,2.423,sub-0002
40,rh_Lat_Fis-post,935,2045,2.678,sub-0002
41,rh_Pole_occipital,2110,4024,1.803,sub-0002
42,rh_Pole_temporal,1142,6414,3.668,sub-0002
43,rh_S_calcarine,1450,2282,1.843,sub-0002
44,rh_S_central,2116,3616,1.985,sub-0002
45,rh_S_cingul-Marginalis,798,1743,2.362,sub-0002
46,rh_S_circular_insula_ant,433,896,2.841,sub-0002
47,rh_S_circular_insula_inf,781,1835,2.988,sub-0002
48,rh_S_circular_insula_sup,959,2328,2.894,sub-0002
49,rh_S_collat_transv_ant,570,1660,2.947,sub-0002
50,rh_S_collat_transv_post,361,620,2.11,sub-0002
51,rh_S_front_inf,1174,2567,2.382,sub-0002
52,rh_S_front_middle,1609,3660,2.257,sub-0002
53,rh_S_front_sup,1836,4598,2.633,sub-0002
54,rh_S_interm_prim-Jensen,508,1003,2.338,sub-0002
55,rh_S_intrapariet&P_trans,2748,5782,2.282,sub-0002
56,rh_S_oc_middle&Lunatus,492,886,2.135,sub-0002
57,rh_S_oc_sup&transversal,830,1666,2.305,sub-0002
58,rh_S_occipital_ant,555,1079,2.278,sub-0002
59,rh_S_oc-temp_lat,936,1960,2.545,sub-0002
60,rh_S_oc-temp_med&Lingual,1440,3185,2.652,sub-0002
61,rh_S_orbital_lateral,267,506,2.33,sub-0002
62,rh_S_orbital_med-olfact,539,1064,2.272,sub-0002
63,rh_S_orbital-H_Shaped,909,2423,2.779,sub-0002
64,rh_S_parieto_occipital,1327,2796,2.394,sub-0002
65,rh_S_pericallosal,526,1071,2.643,sub-0002
66,rh_S_postcentral,1520,2975,2.177,sub-0002
67,rh_S_precentral-inf-part,1068,2590,2.666,sub-0002
68,rh_S_precentral-sup-part,983,2213,2.653,sub-0002
69,rh_S_suborbital,293,593,2.278,sub-0002
70,rh_S_subparietal,661,1540,2.551,sub-0002
71,rh_S_temporal_inf,1018,2129,2.631,sub-0002
72,rh_S_temporal_sup,5037,12786,2.739,sub-0002
73,rh_S_temporal_transverse,238,612,3.008,sub-0002
0,lh_G&S_frontomargin,935,2644,2.489,sub-0003
1,lh_G&S_occipital_inf,891,2353,2.359,sub-0003
2,lh_G&S_paracentral,1011,2535,2.211,sub-0003
3,lh_G&S_subcentral,897,2731,2.756,sub-0003
4,lh_G&S_transv_frontopol,357,1478,3.005,sub-0003
5,lh_G&S_cingul-Ant,1430,4446,2.92,sub-0003
6,lh_G&S_cingul-Mid-Ant,755,2125,2.895,sub-0003
7,lh_G&S_cingul-Mid-Post,937,2673,2.75,sub-0003
8,lh_G_cingul-Post-dorsal,318,1258,2.966,sub-0003
9,lh_G_cingul-Post-ventral,180,526,2.462,sub-0003
10,lh_G_cuneus,1392,2468,1.62,sub-0003
11,lh_G_front_inf-Opercular,906,3645,2.932,sub-0003
12,lh_G_front_inf-Orbital,282,1222,3.135,sub-0003
13,lh_G_front_inf-Triangul,704,2912,2.974,sub-0003
14,lh_G_front_middle,2695,10403,2.879,sub-0003
15,lh_G_front_sup,4033,16375,3.135,sub-0003
16,lh_G_Ins_lg&S_cent_ins,428,1652,3.05,sub-0003
17,lh_G_insular_short,367,2258,4.206,sub-0003
18,lh_G_occipital_middle,934,2813,2.357,sub-0003
19,lh_G_occipital_sup,946,2282,2.111,sub-0003
20,lh_G_oc-temp_lat-fusifor,1061,3679,2.855,sub-0003
21,lh_G_oc-temp_med-Lingual,1897,3401,1.614,sub-0003
22,lh_G_oc-temp_med-Parahip,907,3724,3.139,sub-0003
23,lh_G_orbital,1501,5934,2.904,sub-0003
24,lh_G_pariet_inf-Angular,1135,4355,2.854,sub-0003
25,lh_G_pariet_inf-Supramar,1734,6498,3.014,sub-0003
26,lh_G_parietal_sup,2131,6420,2.416,sub-0003
27,lh_G_postcentral,1395,4125,2.327,sub-0003
28,lh_G_precentral,1340,5160,2.918,sub-0003
29,lh_G_precuneus,1616,5483,2.671,sub-0003
30,lh_G_rectus,602,2014,2.469,sub-0003
31,lh_G_subcallosal,388,1036,2.539,sub-0003
32,lh_G_temp_sup-G_T_transv,318,974,2.484,sub-0003
33,lh_G_temp_sup-Lateral,1170,5273,3.053,sub-0003
34,lh_G_temp_sup-Plan_polar,490,1934,3.493,sub-0003
35,lh_G_temp_sup-Plan_tempo,603,1788,2.751,sub-0003
36,lh_G_temporal_inf,1321,5247,2.999,sub-0003
37,lh_G_temporal_middle,1244,6016,3.277,sub-0003
38,lh_Lat_Fis-ant-Horizont,186,441,2.828,sub-0003
39,lh_Lat_Fis-ant-Vertical,292,633,2.721,sub-0003
40,lh_Lat_Fis-post,778,1571,2.522,sub-0003
41,lh_Pole_occipital,1208,2157,1.642,sub-0003
42,lh_Pole_temporal,1054,5072,3.307,sub-0003
43,lh_S_calcarine,1774,2506,1.714,sub-0003
44,lh_S_central,1711,2824,1.872,sub-0003
45,lh_S_cingul-Marginalis,643,1342,2.384,sub-0003
46,lh_S_circular_insula_ant,321,863,3.346,sub-0003
47,lh_S_circular_insula_inf,842,2057,2.886,sub-0003
48,lh_S_circular_insula_sup,987,2168,2.832,sub-0003
49,lh_S_collat_transv_ant,600,1476,2.632,sub-0003
50,lh_S_collat_transv_post,378,557,1.906,sub-0003
51,lh_S_front_inf,1244,2725,2.4,sub-0003
52,lh_S_front_middle,957,2203,2.36,sub-0003
53,lh_S_front_sup,1678,4386,2.621,sub-0003
54,lh_S_interm_prim-Jensen,169,415,2.749,sub-0003
55,lh_S_intrapariet&P_trans,1515,2990,2.244,sub-0003
56,lh_S_oc_middle&Lunatus,472,796,2.061,sub-0003
57,lh_S_oc_sup&transversal,674,1234,1.978,sub-0003
58,lh_S_occipital_ant,293,647,2.166,sub-0003
59,lh_S_oc-temp_lat,589,1290,2.473,sub-0003
60,lh_S_oc-temp_med&Lingual,1319,2707,2.323,sub-0003
61,lh_S_orbital_lateral,250,463,2.256,sub-0003
62,lh_S_orbital_med-olfact,535,1082,2.407,sub-0003
63,lh_S_orbital-H_Shaped,901,2506,2.862,sub-0003
64,lh_S_parieto_occipital,1259,2644,2.354,sub-0003
65,lh_S_pericallosal,691,981,2.163,sub-0003
66,lh_S_postcentral,1925,4222,2.451,sub-0003
67,lh_S_precentral-inf-part,1203,2833,2.576,sub-0003
68,lh_S_precentral-sup-part,667,1468,2.465,sub-0003
69,lh_S_suborbital,530,1173,2.417,sub-0003
70,lh_S_subparietal,659,1502,2.595,sub-0003
71,lh_S_temporal_inf,679,1772,2.752,sub-0003
72,lh_S_temporal_sup,3267,8118,2.595,sub-0003
73,lh_S_temporal_transverse,255,420,2.034,sub-0003
0,rh_G&S_frontomargin,543,1354,2.204,sub-0003
1,rh_G&S_occipital_inf,642,1700,2.45,sub-0003
2,rh_G&S_paracentral,792,2259,2.365,sub-0003
3,rh_G&S_subcentral,914,2606,2.646,sub-0003
4,rh_G&S_transv_frontopol,620,2357,2.865,sub-0003
5,rh_G&S_cingul-Ant,1759,5441,2.929,sub-0003
6,rh_G&S_cingul-Mid-Ant,863,2843,3.116,sub-0003
7,rh_G&S_cingul-Mid-Post,950,2818,2.836,sub-0003
8,rh_G_cingul-Post-dorsal,279,1199,2.936,sub-0003
9,rh_G_cingul-Post-ventral,166,549,2.592,sub-0003
10,rh_G_cuneus,1398,2805,1.812,sub-0003
11,rh_G_front_inf-Opercular,799,3419,3.142,sub-0003
12,rh_G_front_inf-Orbital,266,1225,3.158,sub-0003
13,rh_G_front_inf-Triangul,696,2625,2.795,sub-0003
14,rh_G_front_middle,2302,8658,2.695,sub-0003
15,rh_G_front_sup,3767,14695,3.073,sub-0003
16,rh_G_Ins_lg&S_cent_ins,398,1844,3.625,sub-0003
17,rh_G_insular_short,315,1860,3.896,sub-0003
18,rh_G_occipital_middle,993,3439,2.595,sub-0003
19,rh_G_occipital_sup,938,2415,2.115,sub-0003
20,rh_G_oc-temp_lat-fusifor,1042,3801,2.914,sub-0003
21,rh_G_oc-temp_med-Lingual,1593,3110,1.755,sub-0003
22,rh_G_oc-temp_med-Parahip,729,3413,3.529,sub-0003
23,rh_G_orbital,1666,6431,2.831,sub-0003
24,rh_G_pariet_inf-Angular,1427,5400,2.795,sub-0003
25,rh_G_pariet_inf-Supramar,1711,5999,2.865,sub-0003
26,rh_G_parietal_sup,1736,5385,2.43,sub-0003
27,rh_G_postcentral,1177,2938,2.032,sub-0003
28,rh_G_precentral,1361,5321,2.836,sub-0003
29,rh_G_precuneus,1528,4854,2.589,sub-0003
30,rh_G_rectus,584,2079,2.431,sub-0003
31,rh_G_subcallosal,368,668,1.888,sub-0003
32,rh_G_temp_sup-G_T_transv,229,893,2.825,sub-0003
33,rh_G_temp_sup-Lateral,1015,4644,3.298,sub-0003
34,rh_G_temp_sup-Plan_polar,582,2310,3.504,sub-0003
35,rh_G_temp_sup-Plan_tempo,513,1524,2.761,sub-0003
36,rh_G_temporal_inf,1554,6398,3.036,sub-0003
37,rh_G_temporal_middle,1582,6681,3.087,sub-0003
38,rh_Lat_Fis-ant-Horizont,289,707,2.734,sub-0003
39,rh_Lat_Fis-ant-Vertical,234,468,2.616,sub-0003
40,rh_Lat_Fis-post,886,1853,2.567,sub-0003
41,rh_Pole_occipital,2110,3868,1.708,sub-0003
42,rh_Pole_temporal,1176,5848,3.485,sub-0003
43,rh_S_calcarine,1593,2350,1.735,sub-0003
44,rh_S_central,1670,2732,1.842,sub-0003
45,rh_S_cingul-Marginalis,808,1819,2.499,sub-0003
46,rh_S_circular_insula_ant,398,1103,3.258,sub-0003
47,rh_S_circular_insula_inf,749,1752,2.816,sub-0003
48,rh_S_circular_insula_sup,887,2099,2.798,sub-0003
49,rh_S_collat_transv_ant,785,1974,2.62,sub-0003
50,rh_S_collat_transv_post,363,703,2.141,sub-0003
51,rh_S_front_inf,1348,2982,2.348,sub-0003
52,rh_S_front_middle,1420,3212,2.239,sub-0003
53,rh_S_front_sup,1575,4051,2.501,sub-0003
54,rh_S_interm_prim-Jensen,271,505,2.35,sub-0003
55,rh_S_intrapariet&P_trans,2352,5006,2.222,sub-0003
56,rh_S_oc_middle&Lunatus,400,628,1.893,sub-0003
57,rh_S_oc_sup&transversal,735,1319,1.918,sub-0003
58,rh_S_occipital_ant,383,739,2.261,sub-0003
59,rh_S_oc-temp_lat,552,1298,2.776,sub-0003
60,rh_S_oc-temp_med&Lingual,1233,2673,2.41,sub-0003
61,rh_S_orbital_lateral,382,751,2.17,sub-0003
62,rh_S_orbital_med-olfact,547,1043,2.259,sub-0003
63,rh_S_orbital-H_Shaped,801,2123,2.718,sub-0003
64,rh_S_parieto_occipital,1398,2835,2.181,sub-0003
65,rh_S_pericallosal,585,799,1.949,sub-0003
66,rh_S_postcentral,1509,2905,2.144,sub-0003
67,rh_S_precentral-inf-part,1012,2431,2.709,sub-0003
68,rh_S_precentral-sup-part,932,2027,2.415,sub-0003
69,rh_S_suborbital,189,357,2.329,sub-0003
70,rh_S_subparietal,661,1572,2.589,sub-0003
71,rh_S_temporal_inf,847,1652,2.463,sub-0003
72,rh_S_temporal_sup,3475,8333,2.579,sub-0003
73,rh_S_temporal_transverse,163,336,2.668,sub-0003
0,lh_G&S_frontomargin,852,2137,2.277,sub-0004
1,lh_G&S_occipital_inf,1031,2763,2.349,sub-0004
2,lh_G&S_paracentral,1085,3341,2.462,sub-0004
3,lh_G&S_subcentral,1224,3658,2.728,sub-0004
4,lh_G&S_transv_frontopol,512,1804,2.664,sub-0004
5,lh_G&S_cingul-Ant,1588,4846,2.79,sub-0004
6,lh_G&S_cingul-Mid-Ant,981,2676,2.694,sub-0004
7,lh_G&S_cingul-Mid-Post,1356,3840,2.712,sub-0004
8,lh_G_cingul-Post-dorsal,381,1479,3.012,sub-0004
9,lh_G_cingul-Post-ventral,171,616,2.973,sub-0004
10,lh_G_cuneus,1541,3025,1.788,sub-0004
11,lh_G_front_inf-Opercular,892,3422,2.846,sub-0004
12,lh_G_front_inf-Orbital,427,1736,2.912,sub-0004
13,lh_G_front_inf-Triangul,898,2848,2.594,sub-0004
14,lh_G_front_middle,3198,11199,2.745,sub-0004
15,lh_G_front_sup,4579,16709,2.923,sub-0004
16,lh_G_Ins_lg&S_cent_ins,472,1537,2.846,sub-0004
17,lh_G_insular_short,557,2658,3.205,sub-0004
18,lh_G_occipital_middle,1217,4153,2.517,sub-0004
19,lh_G_occipital_sup,1195,3028,2.241,sub-0004
20,lh_G_oc-temp_lat-fusifor,1396,5228,3.019,sub-0004
21,lh_G_oc-temp_med-Lingual,1927,4113,1.855,sub-0004
22,lh_G_oc-temp_med-Parahip,823,3229,3.078,sub-0004
23,lh_G_orbital,1867,6585,2.614,sub-0004
24,lh_G_pariet_inf-Angular,1838,6620,2.883,sub-0004
25,lh_G_pariet_inf-Supramar,2042,6867,2.708,sub-0004
26,lh_G_parietal_sup,1657,4804,2.374,sub-0004
27,lh_G_postcentral,1487,4211,2.302,sub-0004
28,lh_G_precentral,1563,5957,2.93,sub-0004
29,lh_G_precuneus,1624,5463,2.513,sub-0004
30,lh_G_rectus,578,2365,2.715,sub-0004
31,lh_G_subcallosal,506,1223,2.38,sub-0004
32,lh_G_temp_sup-G_T_transv,305,881,2.557,sub-0004
33,lh_G_temp_sup-Lateral,1339,5407,2.861,sub-0004
34,lh_G_temp_sup-Plan_polar,773,2850,3.164,sub-0004
35,lh_G_temp_sup-Plan_tempo,683,1994,2.765,sub-0004
36,lh_G_temporal_inf,2018,8080,2.92,sub-0004
37,lh_G_temporal_middle,1941,7983,2.998,sub-0004
38,lh_Lat_Fis-ant-Horizont,269,633,2.634,sub-0004
39,lh_Lat_Fis-ant-Vertical,272,547,2.335,sub-0004
40,lh_Lat_Fis-post,786,1609,2.509,sub-0004
41,lh_Pole_occipital,1328,2300,1.645,sub-0004
42,lh_Pole_temporal,1122,4774,3.207,sub-0004
43,lh_S_calcarine,2031,3052,1.708,sub-0004
44,lh_S_central,2315,4020,1.958,sub-0004
45,lh_S_cingul-Marginalis,868,1756,2.209,sub-0004
46,lh_S_circular_insula_ant,407,1096,3.204,sub-0004
47,lh_S_circular_insula_inf,895,2055,2.902,sub-0004
48,lh_S_circular_insula_sup,1182,2608,2.796,sub-0004
49,lh_S_collat_transv_ant,639,1409,2.609,sub-0004
50,lh_S_collat_transv_post,401,623,1.939,sub-0004
51,lh_S_front_inf,1953,4293,2.267,sub-0004
52,lh_S_front_middle,1041,2576,2.373,sub-0004
53,lh_S_front_sup,2062,4943,2.539,sub-0004
54,lh_S_interm_prim-Jensen,242,520,2.381,sub-0004
55,lh_S_intrapariet&P_trans,2062,4245,2.196,sub-0004
56,lh_S_oc_middle&Lunatus,814,1393,2.017,sub-0004
57,lh_S_oc_sup&transversal,958,1754,2.021,sub-0004
58,lh_S_occipital_ant,610,1146,2.374,sub-0004
59,lh_S_oc-temp_lat,766,1707,2.474,sub-0004
60,lh_S_oc-temp_med&Lingual,1406,3144,2.473,sub-0004
61,lh_S_orbital_lateral,234,500,2.124,sub-0004
62,lh_S_orbital_med-olfact,539,1117,2.467,sub-0004
63,lh_S_orbital-H_Shaped,1072,2691,2.76,sub-0004
64,lh_S_parieto_occipital,1639,3635,2.416,sub-0004
65,lh_S_pericallosal,1017,1528,1.751,sub-0004
66,lh_S_postcentral,1831,3859,2.182,sub-0004
67,lh_S_precentral-inf-part,1316,3014,2.535,sub-0004
68,lh_S_precentral-sup-part,860,2050,2.668,sub-0004
69,lh_S_suborbital,644,1488,2.394,sub-0004
70,lh_S_subparietal,641,1361,2.424,sub-0004
71,lh_S_temporal_inf,1410,3003,2.443,sub-0004
72,lh_S_temporal_sup,3990,9558,2.594,sub-0004
73,lh_S_temporal_transverse,95,245,2.717,sub-0004
0,rh_G&S_frontomargin,815,2199,2.377,sub-0004
1,rh_G&S_occipital_inf,1116,3140,2.462,sub-0004
2,rh_G&S_paracentral,962,2987,2.463,sub-0004
3,rh_G&S_subcentral,1140,3258,2.672,sub-0004
4,rh_G&S_transv_frontopol,911,2912,2.593,sub-0004
5,rh_G&S_cingul-Ant,1989,6189,2.956,sub-0004
6,rh_G&S_cingul-Mid-Ant,1057,3102,2.834,sub-0004
7,rh_G&S_cingul-Mid-Post,1279,3405,2.638,sub-0004
8,rh_G_cingul-Post-dorsal,475,1899,3.094,sub-0004
9,rh_G_cingul-Post-ventral,142,508,2.594,sub-0004
10,rh_G_cuneus,1574,2934,1.725,sub-0004
11,rh_G_front_inf-Opercular,1011,3937,2.951,sub-0004
12,rh_G_front_inf-Orbital,386,1538,3.014,sub-0004
13,rh_G_front_inf-Triangul,768,2523,2.66,sub-0004
14,rh_G_front_middle,2499,8714,2.64,sub-0004
15,rh_G_front_sup,4160,15963,3.029,sub-0004
16,rh_G_Ins_lg&S_cent_ins,481,1598,3.081,sub-0004
17,rh_G_insular_short,450,2005,3.432,sub-0004
18,rh_G_occipital_middle,1616,5923,2.753,sub-0004
19,rh_G_occipital_sup,1009,2856,2.362,sub-0004
20,rh_G_oc-temp_lat-fusifor,1500,5418,2.952,sub-0004
21,rh_G_oc-temp_med-Lingual,1889,4290,2.005,sub-0004
22,rh_G_oc-temp_med-Parahip,822,3816,3.388,sub-0004
23,rh_G_orbital,2015,7304,2.753,sub-0004
24,rh_G_pariet_inf-Angular,1617,5767,2.688,sub-0004
25,rh_G_pariet_inf-Supramar,1918,6449,2.711,sub-0004
26,rh_G_parietal_sup,1560,4305,2.217,sub-0004
27,rh_G_postcentral,1522,4522,2.29,sub-0004
28,rh_G_precentral,1756,6907,2.941,sub-0004
29,rh_G_precuneus,1506,4677,2.54,sub-0004
30,rh_G_rectus,548,2318,2.747,sub-0004
31,rh_G_subcallosal,333,911,2.713,sub-0004
32,rh_G_temp_sup-G_T_transv,272,1029,2.7,sub-0004
33,rh_G_temp_sup-Lateral,1305,4849,2.905,sub-0004
34,rh_G_temp_sup-Plan_polar,574,2215,3.44,sub-0004
35,rh_G_temp_sup-Plan_tempo,598,1802,2.725,sub-0004
36,rh_G_temporal_inf,1815,6803,2.842,sub-0004
37,rh_G_temporal_middle,2076,8759,3.154,sub-0004
38,rh_Lat_Fis-ant-Horizont,257,565,2.646,sub-0004
39,rh_Lat_Fis-ant-Vertical,224,536,2.609,sub-0004
40,rh_Lat_Fis-post,972,2119,2.595,sub-0004
41,rh_Pole_occipital,2372,4478,1.847,sub-0004
42,rh_Pole_temporal,1338,5907,3.178,sub-0004
43,rh_S_calcarine,1821,2962,1.864,sub-0004
44,rh_S_central,2375,4070,1.969,sub-0004
45,rh_S_cingul-Marginalis,930,2090,2.232,sub-0004
46,rh_S_circular_insula_ant,466,1216,3.21,sub-0004
47,rh_S_circular_insula_inf,739,1621,2.748,sub-0004
48,rh_S_circular_insula_sup,944,2392,2.822,sub-0004
49,rh_S_collat_transv_ant,557,1387,2.764,sub-0004
50,rh_S_collat_transv_post,440,849,2.325,sub-0004
51,rh_S_front_inf,1530,3487,2.393,sub-0004
52,rh_S_front_middle,1696,4434,2.477,sub-0004
53,rh_S_front_sup,1938,4683,2.595,sub-0004
54,rh_S_interm_prim-Jensen,276,571,2.557,sub-0004
55,rh_S_intrapariet&P_trans,2069,3809,2.027,sub-0004
56,rh_S_oc_middle&Lunatus,820,1418,2.031,sub-0004
57,rh_S_oc_sup&transversal,884,1873,2.373,sub-0004
58,rh_S_occipital_ant,603,1207,2.386,sub-0004
59,rh_S_oc-temp_lat,796,1699,2.465,sub-0004
60,rh_S_oc-temp_med&Lingual,1375,3067,2.57,sub-0004
61,rh_S_orbital_lateral,420,1084,2.74,sub-0004
62,rh_S_orbital_med-olfact,541,1220,2.669,sub-0004
63,rh_S_orbital-H_Shaped,1068,2518,2.485,sub-0004
64,rh_S_parieto_occipital,1783,3837,2.265,sub-0004
65,rh_S_pericallosal,1053,1643,1.762,sub-0004
66,rh_S_postcentral,1684,3407,2.247,sub-0004
67,rh_S_precentral-inf-part,1274,2836,2.522,sub-0004
68,rh_S_precentral-sup-part,999,2241,2.514,sub-0004
69,rh_S_suborbital,290,619,2.712,sub-0004
70,rh_S_subparietal,699,1689,2.681,sub-0004
71,rh_S_temporal_inf,938,1881,2.553,sub-0004
72,rh_S_temporal_sup,4159,9785,2.549,sub-0004
73,rh_S_temporal_transverse,240,454,2.475,sub-0004
0,lh_G&S_frontomargin,956,2568,2.438,sub-0005
1,lh_G&S_occipital_inf,1425,3549,2.236,sub-0005
2,lh_G&S_paracentral,1018,2807,2.32,sub-0005
3,lh_G&S_subcentral,1260,4297,3.043,sub-0005
4,lh_G&S_transv_frontopol,685,2328,2.723,sub-0005
5,lh_G&S_cingul-Ant,2153,6495,2.879,sub-0005
6,lh_G&S_cingul-Mid-Ant,1024,2762,2.588,sub-0005
7,lh_G&S_cingul-Mid-Post,1091,2615,2.412,sub-0005
8,lh_G_cingul-Post-dorsal,518,1915,2.816,sub-0005
9,lh_G_cingul-Post-ventral,279,819,2.587,sub-0005
10,lh_G_cuneus,1993,4149,1.883,sub-0005
11,lh_G_front_inf-Opercular,1265,4272,2.79,sub-0005
12,lh_G_front_inf-Orbital,299,1216,2.824,sub-0005
13,lh_G_front_inf-Triangul,894,3016,2.679,sub-0005
14,lh_G_front_middle,3542,11977,2.711,sub-0005
15,lh_G_front_sup,6008,20373,2.896,sub-0005
16,lh_G_Ins_lg&S_cent_ins,512,1540,2.923,sub-0005
17,lh_G_insular_short,728,3176,3.481,sub-0005
18,lh_G_occipital_middle,1740,5124,2.401,sub-0005
19,lh_G_occipital_sup,1150,2402,1.884,sub-0005
20,lh_G_oc-temp_lat-fusifor,1210,4194,2.842,sub-0005
21,lh_G_oc-temp_med-Lingual,2655,6334,2.025,sub-0005
22,lh_G_oc-temp_med-Parahip,1127,4621,3.271,sub-0005
23,lh_G_orbital,2117,7934,2.911,sub-0005
24,lh_G_pariet_inf-Angular,1616,5454,2.714,sub-0005
25,lh_G_pariet_inf-Supramar,3144,10025,2.731,sub-0005
26,lh_G_parietal_sup,2029,6142,2.45,sub-0005
27,lh_G_postcentral,1646,4674,2.28,sub-0005
28,lh_G_precentral,1888,6342,2.646,sub-0005
29,lh_G_precuneus,2386,7515,2.56,sub-0005
30,lh_G_rectus,656,2375,2.578,sub-0005
31,lh_G_subcallosal,548,1426,2.39,sub-0005
32,lh_G_temp_sup-G_T_transv,495,1545,2.521,sub-0005
33,lh_G_temp_sup-Lateral,1564,6741,3.202,sub-0005
34,lh_G_temp_sup-Plan_polar,641,2503,3.649,sub-0005
35,lh_G_temp_sup-Plan_tempo,849,2383,2.63,sub-0005
36,lh_G_temporal_inf,1556,6020,2.841,sub-0005
37,lh_G_temporal_middle,1855,7651,3.029,sub-0005
38,lh_Lat_Fis-ant-Horizont,252,516,2.447,sub-0005
39,lh_Lat_Fis-ant-Vertical,229,448,2.693,sub-0005
40,lh_Lat_Fis-post,1079,2141,2.548,sub-0005
41,lh_Pole_occipital,1891,3855,1.866,sub-0005
42,lh_Pole_temporal,1208,5453,3.303,sub-0005
43,lh_S_calcarine,2073,3119,1.755,sub-0005
44,lh_S_central,2537,3886,1.743,sub-0005
45,lh_S_cingul-Marginalis,663,1349,2.322,sub-0005
46,lh_S_circular_insula_ant,431,1103,2.979,sub-0005
47,lh_S_circular_insula_inf,1055,2484,2.786,sub-0005
48,lh_S_circular_insula_sup,1383,3107,2.867,sub-0005
49,lh_S_collat_transv_ant,815,2046,2.642,sub-0005
50,lh_S_collat_transv_post,401,637,1.92,sub-0005
51,lh_S_front_inf,1796,3951,2.335,sub-0005
52,lh_S_front_middle,1611,3641,2.372,sub-0005
53,lh_S_front_sup,2105,5060,2.585,sub-0005
54,lh_S_interm_prim-Jensen,275,593,2.587,sub-0005
55,lh_S_intrapariet&P_trans,2058,3963,2.223,sub-0005
56,lh_S_oc_middle&Lunatus,1097,1954,2.05,sub-0005
57,lh_S_oc_sup&transversal,849,1565,2.043,sub-0005
58,lh_S_occipital_ant,393,1001,2.563,sub-0005
59,lh_S_oc-temp_lat,716,1556,2.472,sub-0005
60,lh_S_oc-temp_med&Lingual,1357,3281,2.756,sub-0005
61,lh_S_orbital_lateral,324,659,2.322,sub-0005
62,lh_S_orbital_med-olfact,470,858,2.261,sub-0005
63,lh_S_orbital-H_Shaped,1203,3191,2.837,sub-0005
64,lh_S_parieto_occipital,1679,3467,2.307,sub-0005
65,lh_S_pericallosal,852,1086,1.717,sub-0005
66,lh_S_postcentral,2144,4240,2.123,sub-0005
67,lh_S_precentral-inf-part,1488,3583,2.536,sub-0005
68,lh_S_precentral-sup-part,1139,2429,2.425,sub-0005
69,lh_S_suborbital,560,988,2.19,sub-0005
70,lh_S_subparietal,898,1839,2.442,sub-0005
71,lh_S_temporal_inf,1151,2459,2.643,sub-0005
72,lh_S_temporal_sup,4118,9602,2.489,sub-0005
73,lh_S_temporal_transverse,380,705,2.27,sub-0005
0,rh_G&S_frontomargin,864,2334,2.59,sub-0005
1,rh_G&S_occipital_inf,1152,3353,2.557,sub-0005
2,rh_G&S_paracentral,941,2791,2.37,sub-0005
3,rh_G&S_subcentral,911,2927,2.912,sub-0005
4,rh_G&S_transv_frontopol,999,2870,2.489,sub-0005
5,rh_G&S_cingul-Ant,2600,7702,2.93,sub-0005
6,rh_G&S_cingul-Mid-Ant,1206,3391,2.755,sub-0005
7,rh_G&S_cingul-Mid-Post,1132,2874,2.525,sub-0005
8,rh_G_cingul-Post-dorsal,545,2019,2.911,sub-0005
9,rh_G_cingul-Post-ventral,279,954,2.888,sub-0005
10,rh_G_cuneus,1787,3251,1.723,sub-0005
11,rh_G_front_inf-Opercular,920,3323,2.763,sub-0005
12,rh_G_front_inf-Orbital,285,996,2.8,sub-0005
13,rh_G_front_inf-Triangul,662,2264,2.864,sub-0005
14,rh_G_front_middle,2919,9976,2.658,sub-0005
15,rh_G_front_sup,5969,20816,2.895,sub-0005
16,rh_G_Ins_lg&S_cent_ins,460,1599,3.285,sub-0005
17,rh_G_insular_short,605,2559,3.174,sub-0005
18,rh_G_occipital_middle,1847,5644,2.389,sub-0005
19,rh_G_occipital_sup,1168,2943,2.128,sub-0005
20,rh_G_oc-temp_lat-fusifor,1401,4858,2.748,sub-0005
21,rh_G_oc-temp_med-Lingual,2171,5133,2.077,sub-0005
22,rh_G_oc-temp_med-Parahip,994,4169,3.298,sub-0005
23,rh_G_orbital,2341,8612,2.866,sub-0005
24,rh_G_pariet_inf-Angular,2218,8291,2.862,sub-0005
25,rh_G_pariet_inf-Supramar,1849,6041,2.726,sub-0005
26,rh_G_parietal_sup,2097,6391,2.454,sub-0005
27,rh_G_postcentral,1420,3914,2.17,sub-0005
28,rh_G_precentral,2216,7419,2.621,sub-0005
29,rh_G_precuneus,2023,6102,2.509,sub-0005
30,rh_G_rectus,510,1780,2.545,sub-0005
31,rh_G_subcallosal,499,1175,2.154,sub-0005
32,rh_G_temp_sup-G_T_transv,275,969,2.626,sub-0005
33,rh_G_temp_sup-Lateral,1269,5432,3.196,sub-0005
34,rh_G_temp_sup-Plan_polar,781,2914,3.704,sub-0005
35,rh_G_temp_sup-Plan_tempo,740,2192,2.844,sub-0005
36,rh_G_temporal_inf,1615,6087,2.886,sub-0005
37,rh_G_temporal_middle,1910,7772,3.096,sub-0005
38,rh_Lat_Fis-ant-Horizont,256,709,2.94,sub-0005
39,rh_Lat_Fis-ant-Vertical,206,460,2.738,sub-0005
40,rh_Lat_Fis-post,1069,2427,2.717,sub-0005
41,rh_Pole_occipital,3213,6430,1.88,sub-0005
42,rh_Pole_temporal,1408,6580,3.399,sub-0005
43,rh_S_calcarine,1921,3117,1.891,sub-0005
44,rh_S_central,2253,3449,1.767,sub-0005
45,rh_S_cingul-Marginalis,923,2118,2.315,sub-0005
46,rh_S_circular_insula_ant,437,1065,2.961,sub-0005
47,rh_S_circular_insula_inf,773,1878,2.987,sub-0005
48,rh_S_circular_insula_sup,1065,2392,2.83,sub-0005
49,rh_S_collat_transv_ant,914,2123,2.523,sub-0005
50,rh_S_collat_transv_post,499,841,2.007,sub-0005
51,rh_S_front_inf,1377,2834,2.434,sub-0005
52,rh_S_front_middle,1657,3547,2.282,sub-0005
53,rh_S_front_sup,2163,5581,2.642,sub-0005
54,rh_S_interm_prim-Jensen,411,961,2.723,sub-0005
55,rh_S_intrapariet&P_trans,2680,5895,2.314,sub-0005
56,rh_S_oc_middle&Lunatus,1039,1899,2.092,sub-0005
57,rh_S_oc_sup&transversal,1079,1990,2.001,sub-0005
58,rh_S_occipital_ant,465,767,2.01,sub-0005
59,rh_S_oc-temp_lat,735,1533,2.481,sub-0005
60,rh_S_oc-temp_med&Lingual,1425,3217,2.465,sub-0005
61,rh_S_orbital_lateral,301,557,2.243,sub-0005
62,rh_S_orbital_med-olfact,537,1060,2.467,sub-0005
63,rh_S_orbital-H_Shaped,1238,3143,2.816,sub-0005
64,rh_S_parieto_occipital,1558,3382,2.446,sub-0005
65,rh_S_pericallosal,1141,1866,2.159,sub-0005
66,rh_S_postcentral,1797,3468,2.124,sub-0005
67,rh_S_precentral-inf-part,1275,2978,2.617,sub-0005
68,rh_S_precentral-sup-part,1704,3440,2.405,sub-0005
69,rh_S_suborbital,247,560,2.722,sub-0005
70,rh_S_subparietal,1453,3181,2.337,sub-0005
71,rh_S_temporal_inf,991,2017,2.563,sub-0005
72,rh_S_temporal_sup,4480,10969,2.656,sub-0005
73,rh_S_temporal_transverse,190,388,2.938,sub-0005
0,lh_G&S_frontomargin,849,2178,2.264,sub-0006
1,lh_G&S_occipital_inf,1100,2724,2.328,sub-0006
2,lh_G&S_paracentral,952,2460,2.223,sub-0006
3,lh_G&S_subcentral,736,2071,2.511,sub-0006
4,lh_G&S_transv_frontopol,445,1338,2.465,sub-0006
5,lh_G&S_cingul-Ant,1244,3601,2.777,sub-0006
6,lh_G&S_cingul-Mid-Ant,760,2053,2.646,sub-0006
7,lh_G&S_cingul-Mid-Post,970,2581,2.692,sub-0006
8,lh_G_cingul-Post-dorsal,348,1173,2.815,sub-0006
9,lh_G_cingul-Post-ventral,205,583,2.593,sub-0006
10,lh_G_cuneus,1381,2379,1.664,sub-0006
11,lh_G_front_inf-Opercular,697,2740,2.79,sub-0006
12,lh_G_front_inf-Orbital,270,1052,2.741,sub-0006
13,lh_G_front_inf-Triangul,556,1993,2.791,sub-0006
14,lh_G_front_middle,2778,8581,2.496,sub-0006
15,lh_G_front_sup,4603,15443,2.75,sub-0006
16,lh_G_Ins_lg&S_cent_ins,523,1606,2.993,sub-0006
17,lh_G_insular_short,368,1720,3.374,sub-0006
18,lh_G_occipital_middle,1633,4710,2.354,sub-0006
19,lh_G_occipital_sup,1022,2166,1.979,sub-0006
20,lh_G_oc-temp_lat-fusifor,994,3818,2.951,sub-0006
21,lh_G_oc-temp_med-Lingual,1828,3911,1.923,sub-0006
22,lh_G_oc-temp_med-Parahip,751,3091,3.353,sub-0006
23,lh_G_orbital,1432,4831,2.527,sub-0006
24,lh_G_pariet_inf-Angular,1492,5190,2.757,sub-0006
25,lh_G_pariet_inf-Supramar,1612,5250,2.754,sub-0006
26,lh_G_parietal_sup,1725,5149,2.33,sub-0006
27,lh_G_postcentral,1106,2871,2.087,sub-0006
28,lh_G_precentral,1345,5370,2.923,sub-0006
29,lh_G_precuneus,1523,5187,2.678,sub-0006
30,lh_G_rectus,583,1911,2.305,sub-0006
31,lh_G_subcallosal,440,1000,2.332,sub-0006
32,lh_G_temp_sup-G_T_transv,399,1035,2.136,sub-0006
33,lh_G_temp_sup-Lateral,1216,5124,3.047,sub-0006
34,lh_G_temp_sup-Plan_polar,418,1564,3.433,sub-0006
35,lh_G_temp_sup-Plan_tempo,532,1498,2.602,sub-0006
36,lh_G_temporal_inf,1571,5760,2.851,sub-0006
37,lh_G_temporal_middle,1543,5738,2.868,sub-0006
38,lh_Lat_Fis-ant-Horizont,199,380,2.218,sub-0006
39,lh_Lat_Fis-ant-Vertical,215,423,2.359,sub-0006
40,lh_Lat_Fis-post,691,1331,2.532,sub-0006
41,lh_Pole_occipital,1260,2333,1.754,sub-0006
42,lh_Pole_temporal,891,4395,3.433,sub-0006
43,lh_S_calcarine,1677,2663,1.913,sub-0006
44,lh_S_central,1951,3194,1.84,sub-0006
45,lh_S_cingul-Marginalis,760,1557,2.346,sub-0006
46,lh_S_circular_insula_ant,331,787,2.944,sub-0006
47,lh_S_circular_insula_inf,874,2080,2.765,sub-0006
48,lh_S_circular_insula_sup,1150,2489,2.661,sub-0006
49,lh_S_collat_transv_ant,548,1278,2.743,sub-0006
50,lh_S_collat_transv_post,294,441,2.0,sub-0006
51,lh_S_front_inf,979,2026,2.234,sub-0006
52,lh_S_front_middle,849,1864,2.323,sub-0006
53,lh_S_front_sup,1886,4597,2.392,sub-0006
54,lh_S_interm_prim-Jensen,220,495,2.781,sub-0006
55,lh_S_intrapariet&P_trans,2241,4095,2.138,sub-0006
56,lh_S_oc_middle&Lunatus,771,1354,2.044,sub-0006
57,lh_S_oc_sup&transversal,869,1525,1.937,sub-0006
58,lh_S_occipital_ant,613,1120,2.151,sub-0006
59,lh_S_oc-temp_lat,712,1512,2.464,sub-0006
60,lh_S_oc-temp_med&Lingual,1138,2612,2.654,sub-0006
61,lh_S_orbital_lateral,226,459,2.27,sub-0006
62,lh_S_orbital_med-olfact,432,773,2.221,sub-0006
63,lh_S_orbital-H_Shaped,964,2440,2.631,sub-0006
64,lh_S_parieto_occipital,1085,2148,2.251,sub-0006
65,lh_S_pericallosal,436,692,2.401,sub-0006
66,lh_S_postcentral,1407,2805,2.173,sub-0006
67,lh_S_precentral-inf-part,695,1589,2.521,sub-0006
68,lh_S_precentral-sup-part,918,1882,2.399,sub-0006
69,lh_S_suborbital,419,818,2.465,sub-0006
70,lh_S_subparietal,631,1334,2.496,sub-0006
71,lh_S_temporal_inf,842,1850,2.679,sub-0006
72,lh_S_temporal_sup,3663,8553,2.527,sub-0006
73,lh_S_temporal_transverse,241,412,2.147,sub-0006
0,rh_G&S_frontomargin,612,1524,2.283,sub-0006
1,rh_G&S_occipital_inf,604,1566,2.482,sub-0006
2,rh_G&S_paracentral,923,2484,2.302,sub-0006
3,rh_G&S_subcentral,800,2217,2.581,sub-0006
4,rh_G&S_transv_frontopol,709,2142,2.409,sub-0006
5,rh_G&S_cingul-Ant,1900,5360,2.767,sub-0006
6,rh_G&S_cingul-Mid-Ant,1010,2940,2.789,sub-0006
7,rh_G&S_cingul-Mid-Post,964,2487,2.576,sub-0006
8,rh_G_cingul-Post-dorsal,335,1257,2.841,sub-0006
9,rh_G_cingul-Post-ventral,229,759,2.661,sub-0006
10,rh_G_cuneus,1383,2575,1.723,sub-0006
11,rh_G_front_inf-Opercular,742,2738,2.844,sub-0006
12,rh_G_front_inf-Orbital,283,947,2.651,sub-0006
13,rh_G_front_inf-Triangul,581,1909,2.694,sub-0006
14,rh_G_front_middle,2397,8476,2.709,sub-0006
15,rh_G_front_sup,4307,14956,2.852,sub-0006
16,rh_G_Ins_lg&S_cent_ins,318,1200,3.431,sub-0006
17,rh_G_insular_short,402,1744,3.303,sub-0006
18,rh_G_occipital_middle,1250,3948,2.578,sub-0006
19,rh_G_occipital_sup,1053,2674,2.184,sub-0006
20,rh_G_oc-temp_lat-fusifor,1031,3717,2.88,sub-0006
21,rh_G_oc-temp_med-Lingual,1967,4486,2.017,sub-0006
22,rh_G_oc-temp_med-Parahip,728,3218,3.305,sub-0006
23,rh_G_orbital,1636,5730,2.677,sub-0006
24,rh_G_pariet_inf-Angular,1803,6223,2.613,sub-0006
25,rh_G_pariet_inf-Supramar,1294,4086,2.776,sub-0006
26,rh_G_parietal_sup,1398,3839,2.241,sub-0006
27,rh_G_postcentral,1276,3380,2.103,sub-0006
28,rh_G_precentral,1468,5191,2.668,sub-0006
29,rh_G_precuneus,1546,4608,2.451,sub-0006
30,rh_G_rectus,484,1654,2.389,sub-0006
31,rh_G_subcallosal,357,891,2.473,sub-0006
32,rh_G_temp_sup-G_T_transv,295,852,2.276,sub-0006
33,rh_G_temp_sup-Lateral,1227,5037,3.15,sub-0006
34,rh_G_temp_sup-Plan_polar,496,1848,3.504,sub-0006
35,rh_G_temp_sup-Plan_tempo,492,1402,2.77,sub-0006
36,rh_G_temporal_inf,1399,5277,2.925,sub-0006
37,rh_G_temporal_middle,1816,6878,2.974,sub-0006
38,rh_Lat_Fis-ant-Horizont,295,584,2.428,sub-0006
39,rh_Lat_Fis-ant-Vertical,159,331,2.304,sub-0006
40,rh_Lat_Fis-post,865,1811,2.616,sub-0006
41,rh_Pole_occipital,2272,4533,1.896,sub-0006
42,rh_Pole_temporal,1040,4837,3.302,sub-0006
43,rh_S_calcarine,1774,2613,1.811,sub-0006
44,rh_S_central,1883,2615,1.618,sub-0006
45,rh_S_cingul-Marginalis,814,1640,2.337,sub-0006
46,rh_S_circular_insula_ant,363,856,2.989,sub-0006
47,rh_S_circular_insula_inf,720,1652,2.743,sub-0006
48,rh_S_circular_insula_sup,863,1960,2.833,sub-0006
49,rh_S_collat_transv_ant,516,1295,2.906,sub-0006
50,rh_S_collat_transv_post,284,501,2.322,sub-0006
51,rh_S_front_inf,1143,2738,2.363,sub-0006
52,rh_S_front_middle,1334,2600,2.208,sub-0006
53,rh_S_front_sup,1467,3127,2.315,sub-0006
54,rh_S_interm_prim-Jensen,104,252,2.813,sub-0006
55,rh_S_intrapariet&P_trans,2037,4068,2.236,sub-0006
56,rh_S_oc_middle&Lunatus,812,1398,2.038,sub-0006
57,rh_S_oc_sup&transversal,805,1399,2.013,sub-0006
58,rh_S_occipital_ant,446,779,2.204,sub-0006
59,rh_S_oc-temp_lat,780,1682,2.562,sub-0006
60,rh_S_oc-temp_med&Lingual,1070,2327,2.577,sub-0006
61,rh_S_orbital_lateral,293,628,2.51,sub-0006
62,rh_S_orbital_med-olfact,542,1058,2.283,sub-0006
63,rh_S_orbital-H_Shaped,869,2174,2.707,sub-0006
64,rh_S_parieto_occipital,1145,2152,2.112,sub-0006
65,rh_S_pericallosal,659,942,1.975,sub-0006
66,rh_S_postcentral,1492,2741,2.162,sub-0006
67,rh_S_precentral-inf-part,910,1862,2.52,sub-0006
68,rh_S_precentral-sup-part,870,1784,2.39,sub-0006
69,rh_S_suborbital,200,373,2.388,sub-0006
70,rh_S_subparietal,808,1971,2.597,sub-0006
71,rh_S_temporal_inf,617,1363,2.847,sub-0006
72,rh_S_temporal_sup,3736,9021,2.694,sub-0006
73,rh_S_temporal_transverse,189,359,2.798,sub-0006
0,lh_G&S_frontomargin,891,2293,2.303,sub-0007
1,lh_G&S_occipital_inf,1351,3733,2.528,sub-0007
2,lh_G&S_paracentral,969,2728,2.31,sub-0007
3,lh_G&S_subcentral,1177,3399,2.576,sub-0007
4,lh_G&S_transv_frontopol,584,2101,2.705,sub-0007
5,lh_G&S_cingul-Ant,1679,5161,2.805,sub-0007
6,lh_G&S_cingul-Mid-Ant,1116,2971,2.729,sub-0007
7,lh_G&S_cingul-Mid-Post,803,2233,2.694,sub-0007
8,lh_G_cingul-Post-dorsal,374,1637,3.173,sub-0007
9,lh_G_cingul-Post-ventral,208,872,3.402,sub-0007
10,lh_G_cuneus,1247,2193,1.641,sub-0007
11,lh_G_front_inf-Opercular,1121,4014,2.778,sub-0007
12,lh_G_front_inf-Orbital,428,1531,2.741,sub-0007
13,lh_G_front_inf-Triangul,1111,3859,2.699,sub-0007
14,lh_G_front_middle,3522,12684,2.788,sub-0007
15,lh_G_front_sup,5570,19787,2.909,sub-0007
16,lh_G_Ins_lg&S_cent_ins,477,1966,3.804,sub-0007
17,lh_G_insular_short,481,2604,3.929,sub-0007
18,lh_G_occipital_middle,1317,4352,2.591,sub-0007
19,lh_G_occipital_sup,760,2117,2.279,sub-0007
20,lh_G_oc-temp_lat-fusifor,1417,4540,2.66,sub-0007
21,lh_G_oc-temp_med-Lingual,2501,5467,1.938,sub-0007
22,lh_G_oc-temp_med-Parahip,842,3720,3.301,sub-0007
23,lh_G_orbital,1711,7280,3.055,sub-0007
24,lh_G_pariet_inf-Angular,2005,7041,2.738,sub-0007
25,lh_G_pariet_inf-Supramar,2004,6909,2.843,sub-0007
26,lh_G_parietal_sup,2079,5812,2.334,sub-0007
27,lh_G_postcentral,1567,3724,2.045,sub-0007
28,lh_G_precentral,1622,5724,2.78,sub-0007
29,lh_G_precuneus,2130,7608,2.701,sub-0007
30,lh_G_rectus,631,2272,2.474,sub-0007
31,lh_G_subcallosal,506,1358,2.501,sub-0007
32,lh_G_temp_sup-G_T_transv,457,1337,2.616,sub-0007
33,lh_G_temp_sup-Lateral,1492,7091,3.399,sub-0007
34,lh_G_temp_sup-Plan_polar,612,2677,3.755,sub-0007
35,lh_G_temp_sup-Plan_tempo,744,2322,2.74,sub-0007
36,lh_G_temporal_inf,1543,6538,3.052,sub-0007
37,lh_G_temporal_middle,2027,9329,3.273,sub-0007
38,lh_Lat_Fis-ant-Horizont,288,711,2.679,sub-0007
39,lh_Lat_Fis-ant-Vertical,293,535,2.298,sub-0007
40,lh_Lat_Fis-post,748,1517,2.697,sub-0007
41,lh_Pole_occipital,1700,2688,1.536,sub-0007
42,lh_Pole_temporal,1160,6058,3.487,sub-0007
43,lh_S_calcarine,1521,2126,1.659,sub-0007
44,lh_S_central,2197,3297,1.702,sub-0007
45,lh_S_cingul-Marginalis,873,1802,2.271,sub-0007
46,lh_S_circular_insula_ant,504,1181,2.956,sub-0007
47,lh_S_circular_insula_inf,852,1867,2.741,sub-0007
48,lh_S_circular_insula_sup,1390,3170,2.781,sub-0007
49,lh_S_collat_transv_ant,502,1427,2.841,sub-0007
50,lh_S_collat_transv_post,414,758,2.062,sub-0007
51,lh_S_front_inf,1630,3567,2.266,sub-0007
52,lh_S_front_middle,1358,2876,2.34,sub-0007
53,lh_S_front_sup,2173,5633,2.699,sub-0007
54,lh_S_interm_prim-Jensen,296,704,2.548,sub-0007
55,lh_S_intrapariet&P_trans,2434,4764,2.24,sub-0007
56,lh_S_oc_middle&Lunatus,671,1105,1.99,sub-0007
57,lh_S_oc_sup&transversal,861,1616,2.136,sub-0007
58,lh_S_occipital_ant,458,1008,2.231,sub-0007
59,lh_S_oc-temp_lat,785,1588,2.36,sub-0007
60,lh_S_oc-temp_med&Lingual,1386,3118,2.588,sub-0007
61,lh_S_orbital_lateral,516,876,1.978,sub-0007
62,lh_S_orbital_med-olfact,538,1092,2.438,sub-0007
63,lh_S_orbital-H_Shaped,1026,3094,3.084,sub-0007
64,lh_S_parieto_occipital,1329,2651,2.237,sub-0007
65,lh_S_pericallosal,540,883,2.133,sub-0007
66,lh_S_postcentral,2180,4159,2.114,sub-0007
67,lh_S_precentral-inf-part,1174,2779,2.628,sub-0007
68,lh_S_precentral-sup-part,1091,2414,2.592,sub-0007
69,lh_S_suborbital,632,1408,2.3,sub-0007
70,lh_S_subparietal,869,2116,2.723,sub-0007
71,lh_S_temporal_inf,1446,2959,2.559,sub-0007
72,lh_S_temporal_sup,4934,12015,2.628,sub-0007
73,lh_S_temporal_transverse,197,413,2.746,sub-0007
0,rh_G&S_frontomargin,705,1994,2.369,sub-0007
1,rh_G&S_occipital_inf,1125,3524,2.791,sub-0007
2,rh_G&S_paracentral,950,2449,2.203,sub-0007
3,rh_G&S_subcentral,1201,3514,2.663,sub-0007
4,rh_G&S_transv_frontopol,928,2939,2.575,sub-0007
5,rh_G&S_cingul-Ant,2031,6186,2.956,sub-0007
6,rh_G&S_cingul-Mid-Ant,1085,3468,2.951,sub-0007
7,rh_G&S_cingul-Mid-Post,1267,3643,2.714,sub-0007
8,rh_G_cingul-Post-dorsal,434,2028,3.417,sub-0007
9,rh_G_cingul-Post-ventral,227,1164,3.46,sub-0007
10,rh_G_cuneus,1496,3018,1.798,sub-0007
11,rh_G_front_inf-Opercular,959,3569,2.754,sub-0007
12,rh_G_front_inf-Orbital,413,1429,2.449,sub-0007
13,rh_G_front_inf-Triangul,895,3329,2.847,sub-0007
14,rh_G_front_middle,2950,11083,2.751,sub-0007
15,rh_G_front_sup,5177,20244,3.082,sub-0007
16,rh_G_Ins_lg&S_cent_ins,425,1682,3.641,sub-0007
17,rh_G_insular_short,574,3085,3.768,sub-0007
18,rh_G_occipital_middle,1345,4712,2.711,sub-0007
19,rh_G_occipital_sup,1165,2710,2.035,sub-0007
20,rh_G_oc-temp_lat-fusifor,1528,5214,2.769,sub-0007
21,rh_G_oc-temp_med-Lingual,2062,4828,2.015,sub-0007
22,rh_G_oc-temp_med-Parahip,709,3165,3.203,sub-0007
23,rh_G_orbital,2390,8564,2.765,sub-0007
24,rh_G_pariet_inf-Angular,2216,8701,2.892,sub-0007
25,rh_G_pariet_inf-Supramar,1911,6628,2.827,sub-0007
26,rh_G_parietal_sup,1819,5820,2.495,sub-0007
27,rh_G_postcentral,1579,3651,1.958,sub-0007
28,rh_G_precentral,1692,6256,2.805,sub-0007
29,rh_G_precuneus,1850,6970,2.869,sub-0007
30,rh_G_rectus,598,2123,2.382,sub-0007
31,rh_G_subcallosal,327,898,2.696,sub-0007
32,rh_G_temp_sup-G_T_transv,288,912,2.722,sub-0007
33,rh_G_temp_sup-Lateral,1495,6330,3.354,sub-0007
34,rh_G_temp_sup-Plan_polar,659,2584,3.697,sub-0007
35,rh_G_temp_sup-Plan_tempo,627,1954,2.78,sub-0007
36,rh_G_temporal_inf,1420,5338,3.006,sub-0007
37,rh_G_temporal_middle,2321,10703,3.346,sub-0007
38,rh_Lat_Fis-ant-Horizont,327,745,2.504,sub-0007
39,rh_Lat_Fis-ant-Vertical,253,509,2.366,sub-0007
40,rh_Lat_Fis-post,920,1977,2.665,sub-0007
41,rh_Pole_occipital,2235,4173,1.771,sub-0007
42,rh_Pole_temporal,1131,5876,3.55,sub-0007
43,rh_S_calcarine,1541,2168,1.63,sub-0007
44,rh_S_central,2133,3230,1.744,sub-0007
45,rh_S_cingul-Marginalis,987,2097,2.275,sub-0007
46,rh_S_circular_insula_ant,575,1362,3.021,sub-0007
47,rh_S_circular_insula_inf,805,2061,2.99,sub-0007
48,rh_S_circular_insula_sup,1256,2980,2.836,sub-0007
49,rh_S_collat_transv_ant,513,1367,2.615,sub-0007
50,rh_S_collat_transv_post,466,798,1.944,sub-0007
51,rh_S_front_inf,1413,3037,2.274,sub-0007
52,rh_S_front_middle,1681,3500,2.418,sub-0007
53,rh_S_front_sup,2160,5198,2.591,sub-0007
54,rh_S_interm_prim-Jensen,432,819,2.331,sub-0007
55,rh_S_intrapariet&P_trans,2489,4820,2.213,sub-0007
56,rh_S_oc_middle&Lunatus,513,755,1.76,sub-0007
57,rh_S_oc_sup&transversal,963,1771,2.087,sub-0007
58,rh_S_occipital_ant,551,1112,2.445,sub-0007
59,rh_S_oc-temp_lat,655,1398,2.563,sub-0007
60,rh_S_oc-temp_med&Lingual,1485,3196,2.385,sub-0007
61,rh_S_orbital_lateral,459,891,2.222,sub-0007
62,rh_S_orbital_med-olfact,648,1250,2.437,sub-0007
63,rh_S_orbital-H_Shaped,1153,3463,3.088,sub-0007
64,rh_S_parieto_occipital,1656,3303,2.256,sub-0007
65,rh_S_pericallosal,1083,1565,1.801,sub-0007
66,rh_S_postcentral,1887,3300,2.054,sub-0007
67,rh_S_precentral-inf-part,1339,3005,2.582,sub-0007
68,rh_S_precentral-sup-part,1063,2189,2.454,sub-0007
69,rh_S_suborbital,321,642,2.564,sub-0007
70,rh_S_subparietal,1023,2439,2.633,sub-0007
71,rh_S_temporal_inf,624,1632,2.82,sub-0007
72,rh_S_temporal_sup,4979,12927,2.796,sub-0007
73,rh_S_temporal_transverse,279,646,2.867,sub-0007
0,lh_G&S_frontomargin,832,2133,2.322,sub-0008
1,lh_G&S_occipital_inf,1358,3068,2.138,sub-0008
2,lh_G&S_paracentral,963,2506,2.198,sub-0008
3,lh_G&S_subcentral,1040,3453,2.839,sub-0008
4,lh_G&S_transv_frontopol,583,2030,2.604,sub-0008
5,lh_G&S_cingul-Ant,1639,4813,2.736,sub-0008
6,lh_G&S_cingul-Mid-Ant,694,1800,2.541,sub-0008
7,lh_G&S_cingul-Mid-Post,915,2369,2.524,sub-0008
8,lh_G_cingul-Post-dorsal,518,1972,2.995,sub-0008
9,lh_G_cingul-Post-ventral,226,580,2.339,sub-0008
10,lh_G_cuneus,1358,2400,1.651,sub-0008
11,lh_G_front_inf-Opercular,866,3118,2.854,sub-0008
12,lh_G_front_inf-Orbital,282,1135,3.033,sub-0008
13,lh_G_front_inf-Triangul,712,2573,2.794,sub-0008
14,lh_G_front_middle,2879,9862,2.621,sub-0008
15,lh_G_front_sup,4727,16996,2.966,sub-0008
16,lh_G_Ins_lg&S_cent_ins,393,1411,3.31,sub-0008
17,lh_G_insular_short,447,2361,3.784,sub-0008
18,lh_G_occipital_middle,1488,4528,2.393,sub-0008
19,lh_G_occipital_sup,821,2013,2.041,sub-0008
20,lh_G_oc-temp_lat-fusifor,1496,4604,2.539,sub-0008
21,lh_G_oc-temp_med-Lingual,2149,3672,1.653,sub-0008
22,lh_G_oc-temp_med-Parahip,1089,4465,3.169,sub-0008
23,lh_G_orbital,1648,6344,2.867,sub-0008
24,lh_G_pariet_inf-Angular,1847,5878,2.499,sub-0008
25,lh_G_pariet_inf-Supramar,2249,7095,2.65,sub-0008
26,lh_G_parietal_sup,1719,4885,2.259,sub-0008
27,lh_G_postcentral,1513,4125,2.21,sub-0008
28,lh_G_precentral,1538,5872,2.966,sub-0008
29,lh_G_precuneus,1897,6120,2.532,sub-0008
30,lh_G_rectus,733,2478,2.503,sub-0008
31,lh_G_subcallosal,568,1322,2.324,sub-0008
32,lh_G_temp_sup-G_T_transv,317,756,2.057,sub-0008
33,lh_G_temp_sup-Lateral,1427,5658,2.989,sub-0008
34,lh_G_temp_sup-Plan_polar,504,1858,3.387,sub-0008
35,lh_G_temp_sup-Plan_tempo,978,2531,2.43,sub-0008
36,lh_G_temporal_inf,2158,7959,2.871,sub-0008
37,lh_G_temporal_middle,1786,7480,3.123,sub-0008
38,lh_Lat_Fis-ant-Horizont,201,509,2.954,sub-0008
39,lh_Lat_Fis-ant-Vertical,184,366,2.214,sub-0008
40,lh_Lat_Fis-post,905,1716,2.43,sub-0008
41,lh_Pole_occipital,1394,2340,1.605,sub-0008
42,lh_Pole_temporal,1184,5589,3.492,sub-0008
43,lh_S_calcarine,1969,2645,1.615,sub-0008
44,lh_S_central,2330,3759,1.856,sub-0008
45,lh_S_cingul-Marginalis,780,1480,2.093,sub-0008
46,lh_S_circular_insula_ant,325,789,2.991,sub-0008
47,lh_S_circular_insula_inf,931,1970,2.528,sub-0008
48,lh_S_circular_insula_sup,1125,2424,2.706,sub-0008
49,lh_S_collat_transv_ant,863,1822,2.446,sub-0008
50,lh_S_collat_transv_post,270,381,1.753,sub-0008
51,lh_S_front_inf,1726,3617,2.244,sub-0008
52,lh_S_front_middle,1205,2622,2.172,sub-0008
53,lh_S_front_sup,1985,4506,2.416,sub-0008
54,lh_S_interm_prim-Jensen,240,545,2.548,sub-0008
55,lh_S_intrapariet&P_trans,2556,4664,1.994,sub-0008
56,lh_S_oc_middle&Lunatus,880,1557,2.102,sub-0008
57,lh_S_oc_sup&transversal,745,1309,1.946,sub-0008
58,lh_S_occipital_ant,428,928,2.227,sub-0008
59,lh_S_oc-temp_lat,610,1432,2.733,sub-0008
60,lh_S_oc-temp_med&Lingual,1436,3120,2.363,sub-0008
61,lh_S_orbital_lateral,376,753,2.216,sub-0008
62,lh_S_orbital_med-olfact,520,1034,2.517,sub-0008
63,lh_S_orbital-H_Shaped,1091,2941,2.661,sub-0008
64,lh_S_parieto_occipital,1093,1996,2.002,sub-0008
65,lh_S_pericallosal,1050,1072,1.374,sub-0008
66,lh_S_postcentral,2151,4172,2.008,sub-0008
67,lh_S_precentral-inf-part,1316,2956,2.506,sub-0008
68,lh_S_precentral-sup-part,738,1559,2.434,sub-0008
69,lh_S_suborbital,429,926,2.556,sub-0008
70,lh_S_subparietal,849,1745,2.242,sub-0008
71,lh_S_temporal_inf,1087,2309,2.478,sub-0008
72,lh_S_temporal_sup,4043,9182,2.444,sub-0008
73,lh_S_temporal_transverse,300,635,2.599,sub-0008
0,rh_G&S_frontomargin,799,2083,2.429,sub-0008
1,rh_G&S_occipital_inf,835,1979,2.256,sub-0008
2,rh_G&S_paracentral,917,2576,2.263,sub-0008
3,rh_G&S_subcentral,806,2407,2.71,sub-0008
4,rh_G&S_transv_frontopol,618,1894,2.515,sub-0008
5,rh_G&S_cingul-Ant,2135,6396,2.906,sub-0008
6,rh_G&S_cingul-Mid-Ant,928,2588,2.655,sub-0008
7,rh_G&S_cingul-Mid-Post,945,2602,2.65,sub-0008
8,rh_G_cingul-Post-dorsal,388,1528,2.899,sub-0008
9,rh_G_cingul-Post-ventral,155,450,2.25,sub-0008
10,rh_G_cuneus,1487,2628,1.652,sub-0008
11,rh_G_front_inf-Opercular,779,3111,2.899,sub-0008
12,rh_G_front_inf-Orbital,234,1025,3.114,sub-0008
13,rh_G_front_inf-Triangul,518,1913,2.874,sub-0008
14,rh_G_front_middle,2926,10500,2.796,sub-0008
15,rh_G_front_sup,4158,15051,2.964,sub-0008
16,rh_G_Ins_lg&S_cent_ins,530,1949,3.278,sub-0008
17,rh_G_insular_short,442,2210,3.733,sub-0008
18,rh_G_occipital_middle,1682,5282,2.49,sub-0008
19,rh_G_occipital_sup,803,1866,1.942,sub-0008
20,rh_G_oc-temp_lat-fusifor,1178,3957,2.681,sub-0008
21,rh_G_oc-temp_med-Lingual,2073,3766,1.679,sub-0008
22,rh_G_oc-temp_med-Parahip,978,4268,3.231,sub-0008
23,rh_G_orbital,1933,7519,2.944,sub-0008
24,rh_G_pariet_inf-Angular,2041,7716,2.694,sub-0008
25,rh_G_pariet_inf-Supramar,1800,5620,2.619,sub-0008
26,rh_G_parietal_sup,1478,4511,2.349,sub-0008
27,rh_G_postcentral,1347,3837,2.249,sub-0008
28,rh_G_precentral,1672,6444,2.906,sub-0008
29,rh_G_precuneus,1682,5046,2.505,sub-0008
30,rh_G_rectus,540,2134,2.649,sub-0008
31,rh_G_subcallosal,417,900,1.964,sub-0008
32,rh_G_temp_sup-G_T_transv,304,821,2.054,sub-0008
33,rh_G_temp_sup-Lateral,1215,4805,2.936,sub-0008
34,rh_G_temp_sup-Plan_polar,615,1949,3.004,sub-0008
35,rh_G_temp_sup-Plan_tempo,788,2233,2.578,sub-0008
36,rh_G_temporal_inf,2099,8217,2.961,sub-0008
37,rh_G_temporal_middle,2054,8203,2.98,sub-0008
38,rh_Lat_Fis-ant-Horizont,248,575,2.638,sub-0008
39,rh_Lat_Fis-ant-Vertical,158,365,2.646,sub-0008
40,rh_Lat_Fis-post,912,1876,2.49,sub-0008
41,rh_Pole_occipital,2615,4554,1.717,sub-0008
42,rh_Pole_temporal,1445,6457,3.258,sub-0008
43,rh_S_calcarine,1550,2290,1.747,sub-0008
44,rh_S_central,2148,3304,1.737,sub-0008
45,rh_S_cingul-Marginalis,984,1981,2.048,sub-0008
46,rh_S_circular_insula_ant,445,1143,3.311,sub-0008
47,rh_S_circular_insula_inf,858,1894,2.623,sub-0008
48,rh_S_circular_insula_sup,886,2052,2.818,sub-0008
49,rh_S_collat_transv_ant,873,1926,2.472,sub-0008
50,rh_S_collat_transv_post,268,422,1.869,sub-0008
51,rh_S_front_inf,1471,3312,2.422,sub-0008
52,rh_S_front_middle,1579,3736,2.348,sub-0008
53,rh_S_front_sup,1749,4254,2.52,sub-0008
54,rh_S_interm_prim-Jensen,363,649,2.286,sub-0008
55,rh_S_intrapariet&P_trans,2443,4464,1.941,sub-0008
56,rh_S_oc_middle&Lunatus,830,1328,1.903,sub-0008
57,rh_S_oc_sup&transversal,757,1298,1.99,sub-0008
58,rh_S_occipital_ant,522,1090,2.261,sub-0008
59,rh_S_oc-temp_lat,695,1481,2.405,sub-0008
60,rh_S_oc-temp_med&Lingual,1430,2892,2.367,sub-0008
61,rh_S_orbital_lateral,417,840,2.236,sub-0008
62,rh_S_orbital_med-olfact,571,1084,2.454,sub-0008
63,rh_S_orbital-H_Shaped,1134,2962,2.746,sub-0008
64,rh_S_parieto_occipital,1430,2712,2.148,sub-0008
65,rh_S_pericallosal,954,1140,1.628,sub-0008
66,rh_S_postcentral,1582,2842,2.062,sub-0008
67,rh_S_precentral-inf-part,1189,2558,2.554,sub-0008
68,rh_S_precentral-sup-part,726,1528,2.442,sub-0008
69,rh_S_suborbital,274,543,2.607,sub-0008
70,rh_S_subparietal,1080,2465,2.471,sub-0008
71,rh_S_temporal_inf,1219,2523,2.611,sub-0008
72,rh_S_temporal_sup,4557,10251,2.465,sub-0008
73,rh_S_temporal_transverse,245,341,1.85,sub-0008
0,lh_G&S_frontomargin,938,2499,2.199,sub-0009
1,lh_G&S_occipital_inf,1147,3567,2.644,sub-0009
2,lh_G&S_paracentral,1035,2725,2.24,sub-0009
3,lh_G&S_subcentral,1399,4740,2.962,sub-0009
4,lh_G&S_transv_frontopol,661,2528,2.674,sub-0009
5,lh_G&S_cingul-Ant,2035,6154,2.861,sub-0009
6,lh_G&S_cingul-Mid-Ant,1185,3488,2.74,sub-0009
7,lh_G&S_cingul-Mid-Post,1257,3491,2.747,sub-0009
8,lh_G_cingul-Post-dorsal,401,1647,3.051,sub-0009
9,lh_G_cingul-Post-ventral,194,614,2.718,sub-0009
10,lh_G_cuneus,1495,2883,1.799,sub-0009
11,lh_G_front_inf-Opercular,1021,3949,2.947,sub-0009
12,lh_G_front_inf-Orbital,276,1068,2.87,sub-0009
13,lh_G_front_inf-Triangul,890,2772,2.451,sub-0009
14,lh_G_front_middle,4065,14366,2.683,sub-0009
15,lh_G_front_sup,5791,21584,3.004,sub-0009
16,lh_G_Ins_lg&S_cent_ins,456,1445,3.298,sub-0009
17,lh_G_insular_short,515,2588,3.537,sub-0009
18,lh_G_occipital_middle,1817,5620,2.471,sub-0009
19,lh_G_occipital_sup,1023,2910,2.352,sub-0009
20,lh_G_oc-temp_lat-fusifor,1315,4371,2.76,sub-0009
21,lh_G_oc-temp_med-Lingual,1978,4075,1.845,sub-0009
22,lh_G_oc-temp_med-Parahip,1212,5416,3.513,sub-0009
23,lh_G_orbital,2201,8544,2.902,sub-0009
24,lh_G_pariet_inf-Angular,2219,7902,2.778,sub-0009
25,lh_G_pariet_inf-Supramar,2102,7188,2.757,sub-0009
26,lh_G_parietal_sup,1881,6001,2.48,sub-0009
27,lh_G_postcentral,2036,5513,2.218,sub-0009
28,lh_G_precentral,1915,7486,3.033,sub-0009
29,lh_G_precuneus,1807,5889,2.666,sub-0009
30,lh_G_rectus,882,3279,2.78,sub-0009
31,lh_G_subcallosal,371,1176,3.151,sub-0009
32,lh_G_temp_sup-G_T_transv,509,1676,2.793,sub-0009
33,lh_G_temp_sup-Lateral,1554,6569,3.087,sub-0009
34,lh_G_temp_sup-Plan_polar,636,2593,3.589,sub-0009
35,lh_G_temp_sup-Plan_tempo,574,1914,2.776,sub-0009
36,lh_G_temporal_inf,2566,10156,2.963,sub-0009
37,lh_G_temporal_middle,2005,8421,2.985,sub-0009
38,lh_Lat_Fis-ant-Horizont,259,496,2.289,sub-0009
39,lh_Lat_Fis-ant-Vertical,239,532,2.405,sub-0009
40,lh_Lat_Fis-post,778,1522,2.511,sub-0009
41,lh_Pole_occipital,1359,2897,1.909,sub-0009
42,lh_Pole_temporal,1506,7018,3.35,sub-0009
43,lh_S_calcarine,1571,2432,1.785,sub-0009
44,lh_S_central,2406,4232,1.972,sub-0009
45,lh_S_cingul-Marginalis,731,1480,2.219,sub-0009
46,lh_S_circular_insula_ant,383,963,3.028,sub-0009
47,lh_S_circular_insula_inf,1287,3634,3.404,sub-0009
48,lh_S_circular_insula_sup,1289,2774,2.668,sub-0009
49,lh_S_collat_transv_ant,1078,2402,2.588,sub-0009
50,lh_S_collat_transv_post,313,596,2.275,sub-0009
51,lh_S_front_inf,1926,4461,2.414,sub-0009
52,lh_S_front_middle,1521,3001,2.185,sub-0009
53,lh_S_front_sup,2270,5692,2.507,sub-0009
54,lh_S_interm_prim-Jensen,383,830,2.405,sub-0009
55,lh_S_intrapariet&P_trans,2094,4213,2.078,sub-0009
56,lh_S_oc_middle&Lunatus,573,1009,1.936,sub-0009
57,lh_S_oc_sup&transversal,1005,1945,2.013,sub-0009
58,lh_S_occipital_ant,434,966,2.116,sub-0009
59,lh_S_oc-temp_lat,719,1617,2.635,sub-0009
60,lh_S_oc-temp_med&Lingual,1981,4627,2.426,sub-0009
61,lh_S_orbital_lateral,384,659,2.0,sub-0009
62,lh_S_orbital_med-olfact,617,1250,2.432,sub-0009
63,lh_S_orbital-H_Shaped,1097,2801,2.456,sub-0009
64,lh_S_parieto_occipital,1911,4141,2.373,sub-0009
65,lh_S_pericallosal,887,1211,1.747,sub-0009
66,lh_S_postcentral,2191,4554,2.147,sub-0009
67,lh_S_precentral-inf-part,1320,3068,2.458,sub-0009
68,lh_S_precentral-sup-part,1177,2270,2.256,sub-0009
69,lh_S_suborbital,851,2096,2.605,sub-0009
70,lh_S_subparietal,704,1581,2.347,sub-0009
71,lh_S_temporal_inf,1628,3516,2.629,sub-0009
72,lh_S_temporal_sup,4513,10538,2.514,sub-0009
73,lh_S_temporal_transverse,293,599,2.447,sub-0009
0,rh_G&S_frontomargin,749,2269,2.585,sub-0009
1,rh_G&S_occipital_inf,994,3627,2.889,sub-0009
2,rh_G&S_paracentral,880,2285,2.268,sub-0009
3,rh_G&S_subcentral,1215,4021,2.952,sub-0009
4,rh_G&S_transv_frontopol,914,3009,2.593,sub-0009
5,rh_G&S_cingul-Ant,2855,8281,2.71,sub-0009
6,rh_G&S_cingul-Mid-Ant,1331,4127,2.914,sub-0009
7,rh_G&S_cingul-Mid-Post,1377,3968,2.69,sub-0009
8,rh_G_cingul-Post-dorsal,435,1739,3.179,sub-0009
9,rh_G_cingul-Post-ventral,190,720,2.969,sub-0009
10,rh_G_cuneus,1532,2920,1.757,sub-0009
11,rh_G_front_inf-Opercular,1034,4060,3.055,sub-0009
12,rh_G_front_inf-Orbital,324,1327,2.916,sub-0009
13,rh_G_front_inf-Triangul,681,2447,2.678,sub-0009
14,rh_G_front_middle,3690,12412,2.627,sub-0009
15,rh_G_front_sup,5040,19516,3.073,sub-0009
16,rh_G_Ins_lg&S_cent_ins,478,1718,3.453,sub-0009
17,rh_G_insular_short,703,2952,3.383,sub-0009
18,rh_G_occipital_middle,2108,7461,2.77,sub-0009
19,rh_G_occipital_sup,1076,3424,2.445,sub-0009
20,rh_G_oc-temp_lat-fusifor,1320,4657,2.851,sub-0009
21,rh_G_oc-temp_med-Lingual,2065,4248,1.812,sub-0009
22,rh_G_oc-temp_med-Parahip,1068,4857,3.423,sub-0009
23,rh_G_orbital,2299,8485,2.89,sub-0009
24,rh_G_pariet_inf-Angular,2248,7702,2.624,sub-0009
25,rh_G_pariet_inf-Supramar,1918,6318,2.665,sub-0009
26,rh_G_parietal_sup,1842,5545,2.361,sub-0009
27,rh_G_postcentral,1636,4529,2.155,sub-0009
28,rh_G_precentral,2026,8006,2.938,sub-0009
29,rh_G_precuneus,1675,5118,2.469,sub-0009
30,rh_G_rectus,739,2921,2.765,sub-0009
31,rh_G_subcallosal,387,1185,2.99,sub-0009
32,rh_G_temp_sup-G_T_transv,343,1217,2.728,sub-0009
33,rh_G_temp_sup-Lateral,1251,5603,3.256,sub-0009
34,rh_G_temp_sup-Plan_polar,604,2487,3.642,sub-0009
35,rh_G_temp_sup-Plan_tempo,650,1769,2.5,sub-0009
36,rh_G_temporal_inf,2574,11277,3.221,sub-0009
37,rh_G_temporal_middle,2309,9467,3.121,sub-0009
38,rh_Lat_Fis-ant-Horizont,283,536,2.264,sub-0009
39,rh_Lat_Fis-ant-Vertical,154,439,3.247,sub-0009
40,rh_Lat_Fis-post,1050,2395,2.82,sub-0009
41,rh_Pole_occipital,2100,4873,2.035,sub-0009
42,rh_Pole_temporal,1449,7242,3.502,sub-0009
43,rh_S_calcarine,1571,2709,1.917,sub-0009
44,rh_S_central,2335,3862,1.884,sub-0009
45,rh_S_cingul-Marginalis,759,1585,2.245,sub-0009
46,rh_S_circular_insula_ant,439,930,2.846,sub-0009
47,rh_S_circular_insula_inf,1081,3086,3.688,sub-0009
48,rh_S_circular_insula_sup,1016,2322,2.787,sub-0009
49,rh_S_collat_transv_ant,1136,2774,2.709,sub-0009
50,rh_S_collat_transv_post,432,870,2.417,sub-0009
51,rh_S_front_inf,1677,3903,2.353,sub-0009
52,rh_S_front_middle,2272,5389,2.319,sub-0009
53,rh_S_front_sup,2227,5708,2.603,sub-0009
54,rh_S_interm_prim-Jensen,408,635,2.028,sub-0009
55,rh_S_intrapariet&P_trans,2075,4041,2.124,sub-0009
56,rh_S_oc_middle&Lunatus,611,1109,2.075,sub-0009
57,rh_S_oc_sup&transversal,1007,1995,2.243,sub-0009
58,rh_S_occipital_ant,1005,2380,2.599,sub-0009
59,rh_S_oc-temp_lat,873,1867,2.589,sub-0009
60,rh_S_oc-temp_med&Lingual,2002,4618,2.506,sub-0009
61,rh_S_orbital_lateral,634,1203,2.204,sub-0009
62,rh_S_orbital_med-olfact,722,1477,2.429,sub-0009
63,rh_S_orbital-H_Shaped,1151,2955,2.714,sub-0009
64,rh_S_parieto_occipital,1949,3872,2.215,sub-0009
65,rh_S_pericallosal,1135,1403,1.565,sub-0009
66,rh_S_postcentral,2147,4508,2.132,sub-0009
67,rh_S_precentral-inf-part,1169,2644,2.557,sub-0009
68,rh_S_precentral-sup-part,995,2045,2.421,sub-0009
69,rh_S_suborbital,324,853,2.5,sub-0009
70,rh_S_subparietal,1144,2859,2.52,sub-0009
71,rh_S_temporal_inf,1245,2638,2.69,sub-0009
72,rh_S_temporal_sup,3826,9318,2.611,sub-0009
73,rh_S_temporal_transverse,270,453,2.2,sub-0009
